[{"model": "main.genre", "pk": 1, "fields": {"name": 1}}, {"model": "main.genre", "pk": 2, "fields": {"name": 2}}, {"model": "main.genre", "pk": 3, "fields": {"name": 3}}, {"model": "main.genre", "pk": 4, "fields": {"name": 4}}, {"model": "main.genre", "pk": 5, "fields": {"name": 5}}, {"model": "main.genre", "pk": 6, "fields": {"name": 6}}, {"model": "main.genre", "pk": 7, "fields": {"name": 7}}, {"model": "main.genre", "pk": 8, "fields": {"name": 8}}, {"model": "main.genre", "pk": 9, "fields": {"name": 9}}, {"model": "main.genre", "pk": 10, "fields": {"name": 10}}, {"model": "main.genre", "pk": 11, "fields": {"name": 11}}, {"model": "main.genre", "pk": 12, "fields": {"name": 12}}, {"model": "main.genre", "pk": 13, "fields": {"name": 13}}, {"model": "main.genre", "pk": 14, "fields": {"name": 14}}, {"model": "main.genre", "pk": 15, "fields": {"name": 15}}, {"model": "main.genre", "pk": 16, "fields": {"name": 16}}, {"model": "main.genre", "pk": 17, "fields": {"name": 17}}, {"model": "main.genre", "pk": 18, "fields": {"name": 18}}, {"model": "main.genre", "pk": 19, "fields": {"name": 19}}, {"model": "main.genre", "pk": 20, "fields": {"name": 20}}, {"model": "main.genre", "pk": 21, "fields": {"name": 21}}, {"model": "main.genre", "pk": 22, "fields": {"name": 22}}, {"model": "main.genre", "pk": 23, "fields": {"name": 23}}, {"model": "main.genre", "pk": 24, "fields": {"name": 24}}, {"model": "main.genre", "pk": 25, "fields": {"name": 25}}, {"model": "main.genre", "pk": 26, "fields": {"name": 26}}, {"model": "main.genre", "pk": 27, "fields": {"name": 27}}, {"model": "main.genre", "pk": 28, "fields": {"name": 28}}, {"model": "main.genre", "pk": 29, "fields": {"name": 29}}, {"model": "main.genre", "pk": 30, "fields": {"name": 30}}, {"model": "main.platform", "pk": 1, "fields": {"name": 1}}, {"model": "main.platform", "pk": 2, "fields": {"name": 2}}, {"model": "main.platform", "pk": 3, "fields": {"name": 3}}, {"model": "main.platform", "pk": 4, "fields": {"name": 4}}, {"model": "main.platform", "pk": 5, "fields": {"name": 5}}, {"model": "main.players", "pk": 1, "fields": {"name": 1}}, {"model": "main.players", "pk": 2, "fields": {"name": 2}}, {"model": "main.players", "pk": 3, "fields": {"name": 3}}, {"model": "main.players", "pk": 4, "fields": {"name": 4}}, {"model": "main.connectivity", "pk": 1, "fields": {"name": 1}}, {"model": "main.connectivity", "pk": 2, "fields": {"name": 2}}, {"model": "main.connectivity", "pk": 3, "fields": {"name": 3}}, {"model": "main.game", "pk": 35, "fields": {"title": "Dark Souls II", "synopsis": "Um jogo muito bom!", "wiki": "https://darksouls2.wiki.fextralife.com/Dark+Souls+2+Wiki", "genres": [], "platforms": [], "players": [], "connectivity": []}}, {"model": "main.game", "pk": 37, "fields": {"title": "League of Legends", "synopsis": "Jogo tiltante!", "wiki": "https://leagueoflegends.fandom.com/wiki/League_of_Legends_Wiki", "genres": [11], "platforms": [1], "players": [2, 4], "connectivity": [2]}}, {"model": "main.game", "pk": 38, "fields": {"title": "Dead By Daylight", "synopsis": "Jogo de terror!", "wiki": "https://deadbydaylight.fandom.com/wiki/Dead_by_Daylight_Wiki", "genres": [], "platforms": [], "players": [], "connectivity": []}}, {"model": "main.game", "pk": 39, "fields": {"title": "Assassin's Creed II", "synopsis": "Um jogo muito bom!", "wiki": "https://assassinscreed.fandom.com/wiki/Assassin%27s_Creed_II", "genres": [3], "platforms": [5], "players": [1], "connectivity": [1]}}, {"model": "main.game", "pk": 40, "fields": {"title": "The Witcher 3: Wild Hunt", "synopsis": "Um jogo muito bom!", "wiki": "https://witcher.fandom.com/wiki/The_Witcher_3:_Wild_Hunt", "genres": [], "platforms": [], "players": [], "connectivity": []}}, {"model": "main.quote", "pk": 7, "fields": {"phrase": "Que você encontre paz em sua jornada.", "author": "Cabisbaixo Saulen", "game": 35}}, {"model": "main.quote", "pk": 9, "fields": {"phrase": "Mamãe sempre dizia, 'Não perca! Quanto mais escura a noite, mais brilhante as estrelas!'", "author": "Braum", "game": 37}}, {"model": "main.quote", "pk": 10, "fields": {"phrase": "A escalada é longa, mas a vista vale a pena!", "author": "Taric", "game": 37}}, {"model": "main.quote", "pk": 20, "fields": {"phrase": "Que você encontre paz em sua jornada.", "author": "Cabisbaixo Saulen", "game": 35}}, {"model": "main.quote", "pk": 21, "fields": {"phrase": "Você abriu a caixa... Então eu vim!", "author": "Pinhead", "game": 38}}, {"model": "main.quote", "pk": 22, "fields": {"phrase": "Portador da maldição, eu estarei sempre ao seu lado, até que a esperança tenha murchado completamente.", "author": "Arauta Esmeralda", "game": 35}}, {"model": "main.quote", "pk": 23, "fields": {"phrase": "O que chamamos de maldição é rastreável até a alma... você vê o que isso significa? Estar vivo... andar nesta terra... essa é a verdadeira maldição, bem aí.", "author": "Cabisbaixo Saulen", "game": 35}}, {"model": "main.quote", "pk": 24, "fields": {"phrase": "Sacrificar-se pelos outros é o maior presente que você poderia dar a eles.", "author": "Ezio Auditore", "game": 39}}, {"model": "main.quote", "pk": 25, "fields": {"phrase": "Não escolhi esse caminho. A estrada, me escolheu.", "author": "Ezio Auditore", "game": 39}}, {"model": "main.quote", "pk": 26, "fields": {"phrase": "As pessoas demoram pouco para julgar, mas muito para corrigir.", "author": "Ezio Auditore", "game": 39}}, {"model": "main.quote", "pk": 27, "fields": {"phrase": "Um rei eleito pelo voto não é um governante, mas um devedor.", "author": "Birna", "game": 40}}, {"model": "main.quote", "pk": 28, "fields": {"phrase": "Duas espadas, uma de prata, uma de ferro, uma para criaturas e outra para homens. Ambos são para monstros.", "author": "Geralt de Rivia", "game": 40}}, {"model": "main.quote", "pk": 29, "fields": {"phrase": "Treinar na solidão serve apenas para perpetuar erros.", "author": "Vesemir", "game": 40}}, {"model": "main.quote", "pk": 30, "fields": {"phrase": "De todas as dores, a que mais doeu até agora foi a dor de amar alguém sem ser correspondido.", "author": "Zoe", "game": 37}}, {"model": "main.quote", "pk": 31, "fields": {"phrase": "Lute e seja lembrado como um herói, ou morra e seja lembrado como um covarde!", "author": "Aatrox", "game": 37}}, {"model": "main.quote", "pk": 32, "fields": {"phrase": "Precisão é a diferença entre um açougueiro e um cirurgião.", "author": "Camille", "game": 37}}, {"model": "main.quote", "pk": 33, "fields": {"phrase": "Shurima, seu imperador retornou!", "author": "Azir", "game": 37}}, {"model": "main.quote", "pk": 34, "fields": {"phrase": "Coração, é o músculo mais forte!", "author": "Braum", "game": 37}}, {"model": "main.quote", "pk": 35, "fields": {"phrase": "Eu sou o terror de todos que se opõem à mim.", "author": "Shyvana", "game": 37}}, {"model": "main.quote", "pk": 36, "fields": {"phrase": "Que a tempestade nos guie em meu despertar.", "author": "Volibear", "game": 37}}, {"model": "main.quote", "pk": 37, "fields": {"phrase": "A morte é como o vento, sempre ao meu lado.", "author": "Yasuo", "game": 37}}]